{"cameraMode":{"drawMode":0,"name":"Shaded","section":"Shading Mode"},"sceneLighting":false,"audioPlay":false,"sceneViewState":{"showFog":true,"showMaterialUpdate":false,"showSkybox":false,"showFlares":true,"showImageEffects":true,"showParticleSystems":true,"showVisualEffectGraphs":true,"m_FxEnabled":true},"in2DMode":false,"pivot":{"x":-13.034130096435547,"y":0.8602714538574219,"z":-0.7008892297744751},"rotation":{"x":0.14559908211231233,"y":0.12129363417625427,"z":-0.018663719296455385,"w":0.9817825555801392},"size":-0.15000611543655396,"orthographic":false}