{"cameraMode":{"drawMode":0,"name":"Shaded","section":"Shading Mode"},"sceneLighting":true,"audioPlay":false,"sceneViewState":{"showFog":true,"showMaterialUpdate":false,"showSkybox":true,"showFlares":true,"showImageEffects":true,"showParticleSystems":true,"showVisualEffectGraphs":true,"m_FxEnabled":true},"in2DMode":false,"pivot":{"x":205.9553680419922,"y":-2.7121026515960695,"z":12.169883728027344},"rotation":{"x":-0.35698288679122927,"y":0.11380978673696518,"z":-0.043333981186151507,"w":-0.9262268543243408},"size":7.612173080444336,"orthographic":false}