{"cameraMode":{"drawMode":0,"name":"Shaded","section":"Shading Mode"},"sceneLighting":true,"audioPlay":false,"sceneViewState":{"showFog":true,"showMaterialUpdate":false,"showSkybox":true,"showFlares":true,"showImageEffects":true,"showParticleSystems":true,"showVisualEffectGraphs":true,"m_FxEnabled":true},"in2DMode":false,"pivot":{"x":178.2675323486328,"y":-17.779705047607423,"z":-11.860092163085938},"rotation":{"x":-0.3901347517967224,"y":0.018985066562891008,"z":-0.007454360835254192,"w":-0.9206463098526001},"size":42.23020935058594,"orthographic":false}