{"cameraMode":{"drawMode":0,"name":"Shaded","section":"Shading Mode"},"sceneLighting":false,"audioPlay":false,"sceneViewState":{"showFog":true,"showMaterialUpdate":false,"showSkybox":false,"showFlares":true,"showImageEffects":true,"showParticleSystems":true,"showVisualEffectGraphs":true,"m_FxEnabled":true},"in2DMode":false,"pivot":{"x":-11.915647506713868,"y":0.34734398126602175,"z":-11.39276123046875},"rotation":{"x":-0.05625452473759651,"y":-0.9333083629608154,"z":0.17029905319213868,"w":-0.31132346391677859},"size":2.3616843223571779,"orthographic":false}