{"cameraMode":{"drawMode":0,"name":"Shaded","section":"Shading Mode"},"sceneLighting":false,"audioPlay":false,"sceneViewState":{"showFog":true,"showMaterialUpdate":false,"showSkybox":false,"showFlares":true,"showImageEffects":true,"showParticleSystems":true,"showVisualEffectGraphs":true,"m_FxEnabled":true},"in2DMode":false,"pivot":{"x":-17.01026725769043,"y":0.5302659869194031,"z":-0.000007212162017822266},"rotation":{"x":-0.046648576855659488,"y":-0.9427422881126404,"z":0.1500852257013321,"w":-0.29443028569221499},"size":0.7100479602813721,"orthographic":false}