{"cameraMode":{"drawMode":0,"name":"Shaded","section":"Shading Mode"},"sceneLighting":false,"audioPlay":false,"sceneViewState":{"showFog":true,"showMaterialUpdate":false,"showSkybox":false,"showFlares":true,"showImageEffects":true,"showParticleSystems":true,"showVisualEffectGraphs":true,"m_FxEnabled":true},"in2DMode":false,"pivot":{"x":4.8617072105407719,"y":3.587069034576416,"z":0.13015460968017579},"rotation":{"x":-0.014939555898308754,"y":-0.9192900657653809,"z":0.03635699674487114,"w":-0.39180290699005129},"size":4.92808723449707,"orthographic":false}