{"cameraMode":{"drawMode":0,"name":"Shaded","section":"Shading Mode"},"sceneLighting":false,"audioPlay":false,"sceneViewState":{"showFog":true,"showMaterialUpdate":false,"showSkybox":false,"showFlares":true,"showImageEffects":true,"showParticleSystems":true,"showVisualEffectGraphs":true,"m_FxEnabled":true},"in2DMode":false,"pivot":{"x":-12.854300498962403,"y":0.636618435382843,"z":-0.013916779309511185},"rotation":{"x":0.019544847309589387,"y":-0.949883759021759,"z":0.3066565990447998,"w":0.05861148610711098},"size":0.4500061273574829,"orthographic":false}