{"cameraMode":{"drawMode":0,"name":"Shaded","section":"Shading Mode"},"sceneLighting":false,"audioPlay":false,"sceneViewState":{"showFog":true,"showMaterialUpdate":false,"showSkybox":false,"showFlares":true,"showImageEffects":true,"showParticleSystems":true,"showVisualEffectGraphs":true,"m_FxEnabled":true},"in2DMode":false,"pivot":{"x":3.421339273452759,"y":0.7247562408447266,"z":1.0890957117080689},"rotation":{"x":-0.07882151007652283,"y":0.14955100417137147,"z":-0.01196337305009365,"w":-0.9855285882949829},"size":1.3462355136871338,"orthographic":false}