{"cameraMode":{"drawMode":0,"name":"Shaded","section":"Shading Mode"},"sceneLighting":false,"audioPlay":false,"sceneViewState":{"showFog":true,"showMaterialUpdate":false,"showSkybox":false,"showFlares":true,"showImageEffects":true,"showParticleSystems":true,"showVisualEffectGraphs":true,"m_FxEnabled":true},"in2DMode":false,"pivot":{"x":-0.12682251632213593,"y":1.1792933940887452,"z":-0.14751431345939637},"rotation":{"x":0.03501199558377266,"y":-0.9602823853492737,"z":0.14101722836494447,"w":0.23834435641765595},"size":1.7616844177246094,"orthographic":false}