{"cameraMode":{"drawMode":0,"name":"Shaded","section":"Shading Mode"},"sceneLighting":false,"audioPlay":false,"sceneViewState":{"showFog":true,"showMaterialUpdate":false,"showSkybox":false,"showFlares":true,"showImageEffects":true,"showParticleSystems":true,"showVisualEffectGraphs":true,"m_FxEnabled":true},"in2DMode":false,"pivot":{"x":-0.12682251632213593,"y":1.1792933940887452,"z":-0.14751431345939637},"rotation":{"x":0.020005615428090097,"y":-0.9799627661705017,"z":0.14541339874267579,"w":0.13489054143428803},"size":0.5616844892501831,"orthographic":false}