{"cameraMode":{"drawMode":0,"name":"Shaded","section":"Shading Mode"},"sceneLighting":false,"audioPlay":false,"sceneViewState":{"showFog":true,"showMaterialUpdate":false,"showSkybox":false,"showFlares":true,"showImageEffects":true,"showParticleSystems":true,"showVisualEffectGraphs":true,"m_FxEnabled":true},"in2DMode":false,"pivot":{"x":-12.853187561035157,"y":0.6967708468437195,"z":-0.007605422288179398},"rotation":{"x":-0.03027816116809845,"y":-0.027895955368876458,"z":0.0014384505338966847,"w":-0.9992199540138245},"size":0.4500061273574829,"orthographic":false}