{"cameraMode":{"drawMode":0,"name":"Shaded","section":"Shading Mode"},"sceneLighting":false,"audioPlay":false,"sceneViewState":{"showFog":true,"showMaterialUpdate":false,"showSkybox":false,"showFlares":true,"showImageEffects":true,"showParticleSystems":true,"showVisualEffectGraphs":true,"m_FxEnabled":true},"in2DMode":false,"pivot":{"x":-12.853187561035157,"y":0.6967708468437195,"z":-0.007605422288179398},"rotation":{"x":-0.027225052937865258,"y":0.10088439285755158,"z":-0.0021958828438073398,"w":-0.9945920705795288},"size":0.4500061273574829,"orthographic":false}