{"cameraMode":{"drawMode":0,"name":"Shaded","section":"Shading Mode"},"sceneLighting":false,"audioPlay":false,"sceneViewState":{"showFog":true,"showMaterialUpdate":false,"showSkybox":false,"showFlares":true,"showImageEffects":true,"showParticleSystems":true,"showVisualEffectGraphs":true,"m_FxEnabled":true},"in2DMode":false,"pivot":{"x":-11.69913387298584,"y":0.5000019073486328,"z":-11.690130233764649},"rotation":{"x":0.30863648653030398,"y":0.15740486979484559,"z":-0.051858704537153247,"w":0.936631977558136},"size":2.0616843700408937,"orthographic":false}