{"cameraMode":{"drawMode":0,"name":"Shaded","section":"Shading Mode"},"sceneLighting":false,"audioPlay":false,"sceneViewState":{"showFog":true,"showMaterialUpdate":false,"showSkybox":false,"showFlares":true,"showImageEffects":true,"showParticleSystems":true,"showVisualEffectGraphs":true,"m_FxEnabled":true},"in2DMode":false,"pivot":{"x":1.649999976158142,"y":0.15000000596046449,"z":-0.15000000596046449},"rotation":{"x":0.2781050503253937,"y":0.31201255321502688,"z":-0.09664575755596161,"w":0.9034461975097656},"size":0.5598076581954956,"orthographic":false}